first_name,last_name,gender,Age,job_title,job_industry_category,wealth_segment
Chickie,Brister,Male,32,General Manager,Manufacturing,Mass Customer
Morly,Genery,Male,28,Structural Engineer,Property,Mass Customer
Ardelis,Forrester,Female,45,Senior Cost Accountant,Financial Services,Affluent Customer
Lucine,Stutt,Female,36,Account Representative III,Manufacturing,Affluent Customer
Melinda,Hadlee,Female,52,Financial Analyst,Financial Services,Affluent Customer
Druci,Brandli,Female,29,Assistant Media Planner,Entertainment,High Net Worth
Rutledge,Hallt,Male,42,Compensation Analyst,Financial Services,Mass Customer
Nancie,Vian,Female,31,Human Resources Assistant II,Retail,Mass Customer
Duff,Karlowicz,Male,26,Speech Pathologist,Manufacturing,Mass Customer
Barthel,Docket,Male,38,Accounting Assistant IV,IT,Mass Customer
Rockwell,Matson,Male,29,Programmer Analyst I,Retail,High Net Worth
Wheeler,Winward,Male,48,Environmental Specialist,Manufacturing,Mass Customer
Olag,Karlowicz,Male,35,Human Resources Manager,Telecommunications,Mass Customer
Melba,Spellacy,Female,40,VP Marketing,Health,Mass Customer
Mandie,Feares,Female,27,Clinical Specialist,Health,Mass Customer
Dukie,Swire,Male,44,VP Marketing,Manufacturing,Affluent Customer
Marcelia,Monkleigh,Female,33,Associate Professor,Manufacturing,Mass Customer
Winnifred,Beswetherick,Female,39,Actuary,Financial Services,Mass Customer
Odilia,Quick,Female,25,General Manager,Manufacturing,Affluent Customer
Karly,Willavize,Female,51,Internal Auditor,Manufacturing,High Net Worth
Teddie,Burchill,Male,34,Programmer I,Manufacturing,Mass Customer
Gaston,Dallaghan,Male,47,Financial Analyst,Financial Services,Mass Customer
Otis,Ottey,Male,30,Quality Engineer,Financial Services,Mass Customer
Tabbatha,Averill,Female,36,Quality Control Specialist,Manufacturing,Affluent Customer
Brena,Schnitter,Female,41,Account Executive,Manufacturing,Mass Customer
Rourke,Gillbard,Male,28,Account Executive,Property,Mass Customer
Dyane,Burwell,Female,37,Engineer II,Retail,Mass Customer
Claudine,Barstowk,Female,24,Nurse,Property,High Net Worth
Blinnie,Roze,Female,43,Librarian,Entertainment,High Net Worth
Rhona,De Freyne,Female,33,Nurse,Health,High Net Worth
Sharron,Claibourn,Female,50,Account Executive,Financial Services,High Net Worth
Brien,Heaton,Male,31,Clinical Specialist,Health,Mass Customer
Sybilla,MacCart,Female,29,Paralegal,Financial Services,Mass Customer
Mikel,McNess,Male,39,Nurse,Health,Mass Customer
Maisie,Maddox,Female,46,Assistant Manager,Financial Services,Affluent Customer
Arleen,Casbolt,Female,27,Senior Quality Engineer,Financial Services,Affluent Customer
Farlie,Petford,Male,35,Recruiting Manager,Financial Services,High Net Worth
Mitchell,MacCague,Male,42,Paralegal,Manufacturing,Mass Customer
Garik,Whitwell,Male,26,Recruiting Manager,Property,Mass Customer
Antonin,Britt,Male,49,Design Engineer,Manufacturing,Affluent Customer
Vinny,Incogna,Female,34,Design Engineer,Health,High Net Worth
Colene,Fishleigh,Female,48,Design Engineer,Financial Services,Mass Customer
Neile,Argent,Female,30,Business Systems Development Analyst,Retail,Mass Customer
Corinna,Suggey,Female,36,Design Engineer,Retail,Affluent Customer
Brooke,Arling,Male,41,Paralegal,Health,High Net Worth
Gipsy,Ewestace,Female,28,Business Systems Development Analyst,Retail,High Net Worth
Sheena,Kybbye,Female,32,Paralegal,Financial Services,Affluent Customer
Jobina,Gobourn,Female,45,VP Quality Control,Argiculture,High Net Worth
Gale,Disbrow,Female,38,Cost Accountant,Financial Services,Mass Customer
Thaxter,Kingsbury,Male,25,Product Engineer,Argiculture,Mass Customer
Heinrick,Shilstone,Male,51,Social Worker,Manufacturing,Affluent Customer
Taylor,Steuhlmeyer,Male,33,Paralegal,Financial Services,Affluent Customer
Griswold,Kelsall,Male,40,Social Worker,Health,High Net Worth
Odessa,Mc Andrew,Female,47,Social Worker,Property,Mass Customer
Lavena,Seekings,Female,29,Payment Adjustment Coordinator,Retail,Mass Customer
Martelle,Tuppeny,Female,36,Marketing Assistant,Manufacturing,Mass Customer
Briant,Ladley,Male,27,Recruiter,Argiculture,Mass Customer
Marylou,Kirkup,Female,43,VP Product Management,Retail,Mass Customer
Whittaker,Tuppeny,Male,30,Media Manager III,Manufacturing,Mass Customer
Normy,Goodinge,U,35,Associate Professor,IT,Mass Customer
Lorrie,Antonelli,Male,51,Cost Accountant,Financial Services,High Net Worth
Jedediah,Kedie,Male,29,Developer I,Argiculture,Mass Customer
Kaine,Smallcombe,Male,40,Senior Financial Analyst,Financial Services,High Net Worth
Loise,Iltchev,Female,47,Electrical Engineer,Manufacturing,High Net Worth
Cristen,Maroney,Female,26,Accountant IV,IT,High Net Worth
Dorothy,Barnardo,Female,38,Human Resources Manager,Retail,High Net Worth
Rosmunda,Duxbarry,Female,46,Executive Secretary,Property,Affluent Customer
Rozamond,Riha,Female,31,Account Representative I,Manufacturing,Affluent Customer
Gunner,Petti,Male,34,Executive Secretary,Financial Services,High Net Worth
Vivienne,Crayden,Female,49,Associate Professor,Financial Services,High Net Worth
Sherilyn,Canero,Female,33,Dental Hygienist,Health,High Net Worth
Bessie,Roscow,Female,39,GIS Technical Architect,Financial Services,Mass Customer
Kevina,Ferandez,Female,45,Assistant Professor,Financial Services,High Net Worth
Yancy,Clementet,Male,28,Mechanical Systems Engineer,Financial Services,High Net Worth
Mabelle,Wellbelove,Female,42,Mechanical Systems Engineer,Financial Services,Affluent Customer
Hasheem,Groucock,Male,37,Budget/Accounting Analyst IV,Manufacturing,High Net Worth
Tobias,Woodhams,Male,50,Research Nurse,Health,Mass Customer
Glennis,Flintoff,Female,32,Speech Pathologist,Health,Affluent Customer
Chanda,Mensler,Female,48,Computer Systems Analyst IV,Manufacturing,Mass Customer
Katheryn,Kinner,Female,30,Analyst Programmer,Entertainment,High Net Worth
Sumner,Carrivick,Male,36,Desktop Support Technician,Manufacturing,Mass Customer
Valerie,Pickover,Female,41,Editor,Financial Services,Mass Customer
Esther,Rooson,Female,25,Editor,Financial Services,Mass Customer
Gardie,Crellim,Male,52,Biostatistician IV,Manufacturing,High Net Worth
Sean,O'Loughlin,Male,29,Database Administrator III,Manufacturing,High Net Worth
Pietra,Buckleigh,Female,34,Engineer III,Manufacturing,High Net Worth
Marysa,Rouchy,Female,27,Assistant Media Planner,Entertainment,Affluent Customer
Kahaleel,Rouchy,Male,40,GIS Technical Architect,Manufacturing,High Net Worth
Ossie,Midden,Male,46,Physical Therapy Assistant,Manufacturing,Mass Customer
Sid,Carlone,Male,31,Structural Engineer,Health,Affluent Customer
Ludovico,Juster,Male,36,Environmental Specialist,Manufacturing,Affluent Customer
Patricia,Everix,Female,29,Director of Sales,Health,Mass Customer
Andromache,Bonafacino,Female,43,Environmental Specialist,Retail,Mass Customer
Levy,Abramamov,Male,52,Teacher,Manufacturing,Affluent Customer
Nobe,McAughtry,Male,33,Director of Sales,Manufacturing,Mass Customer
Jehu,Prestedge,Male,39,Teacher,Manufacturing,High Net Worth
Symon,Mawne,Male,47,Human Resources Assistant IV,Property,Mass Customer
Karlik,Penchen,Male,26,Nurse Practicioner,Retail,Mass Customer
Bengt,Bilson,Male,38,Structural Engineer,Manufacturing,High Net Worth
Evangelin,Boc,Female,45,Structural Analysis Engineer,Manufacturing,High Net Worth
Hanny,Treven,Female,31,Associate Professor,Retail,Mass Customer
Gina,Mallon,Female,35,Dental Hygienist,Health,Mass Customer
Reynold,Elman,Male,49,Marketing Manager,Manufacturing,Mass Customer
Flossy,Concannon,Female,33,Staff Accountant IV,Financial Services,Affluent Customer
Cristen,Wiltshire,Female,39,VP Sales,Financial Services,High Net Worth
Griffith,Escot,Male,44,Accountant III,IT,Mass Customer
Jamie,Jiruca,Female,30,Recruiting Manager,Argiculture,Mass Customer
Lyon,Brittan,Male,36,Sales Representative,Retail,High Net Worth
Aridatha,Sephton,Female,41,Human Resources Assistant II,IT,Mass Customer
Michal,Bryan,Female,28,Human Resources Assistant II,Manufacturing,Mass Customer
Franciska,Stigell,Female,42,Food Chemist,Health,Mass Customer
Jordan,Clampe,Male,37,Staff Scientist,Financial Services,Mass Customer
David,Napoleon,Male,50,Structural Engineer,Manufacturing,High Net Worth
Meriel,Tapp,Female,32,VP Sales,IT,Mass Customer
Dolley,Starmont,Female,23,Geologist IV,Manufacturing,Affluent Customer
Frederik,Milan,Male,31,Geologist IV,Health,Mass Customer
Rollo,Louedey,Male,40,Information Systems Manager,Telecommunications,Affluent Customer
Jerrine,Cosbey,Female,48,Junior Executive,Financial Services,High Net Worth
Roddy,Rubinshtein,Male,29,Nurse Practicioner,Retail,Mass Customer
Viki,Coutts,Female,35,Automation Specialist II,Property,Mass Customer
Ashby,Bispham,Male,42,Software Consultant,Retail,Affluent Customer
Alexander,Broadbent,Male,53,Desktop Support Technician,Property,Mass Customer
Teddy,Lagadu,Female,33,Design Engineer,Health,High Net Worth
Peria,Rantoull,Female,38,Financial Analyst,Financial Services,Mass Customer
Ludvig,Andren,Male,44,Media Manager III,Property,High Net Worth
Elsworth,Abbitt,Male,26,Civil Engineer,Health,Mass Customer
Rebeca,Aggas,Female,37,Social Worker,Health,Affluent Customer
Ricki,Dobrowski,Male,45,Civil Engineer,Manufacturing,Mass Customer
Georgetta,Lovett,Female,32,Editor,Retail,Mass Customer
Bambi,Cogger,Female,34,Design Engineer,Retail,Affluent Customer
Aurie,Rhead,Female,50,Geological Engineer,Manufacturing,Affluent Customer
Farris,Skettles,Male,29,Payment Adjustment Coordinator,Financial Services,Mass Customer
Sharline,Abyss,Female,40,Payment Adjustment Coordinator,Financial Services,Mass Customer
Nowell,Preddy,Male,47,Geological Engineer,Manufacturing,Mass Customer
Lacy,Drance,Female,27,Graphic Designer,Manufacturing,Affluent Customer
Padraig,Snel,Male,39,Staff Accountant II,Retail,Mass Customer
Malorie,Votier,Female,46,Graphic Designer,Manufacturing,Affluent Customer
Shepperd,Ricards,Male,30,Social Worker,Health,Mass Customer
Daryl,Pauncefort,Female,36,Community Outreach Specialist,Financial Services,Mass Customer
Norina,Blakeway,Female,43,Programmer Analyst II,Property,Mass Customer
My,Chaston,Male,28,Desktop Support Technician,Manufacturing,Affluent Customer
Isak,Bergstram,Male,41,Pharmacist,Health,Affluent Customer
Grannie,Cracker,Male,33,VP Marketing,Retail,Mass Customer
Welby,Lourenco,Male,47,Senior Cost Accountant,Financial Services,High Net Worth
Glenn,Casbourne,Female,25,Senior Editor,Manufacturing,Mass Customer
Nadiya,Balasini,Female,34,Sales Associate,Financial Services,Mass Customer
Tyne,Coate,Female,42,Developer II,Manufacturing,Mass Customer
Christie,Anders,Male,31,VP Marketing,Retail,Mass Customer
Agnella,Capener,Female,38,Teacher,Health,High Net Worth
Bernardine,Delmonti,Female,45,Teacher,Property,Mass Customer
Daisy,Spowart,Female,29,Staff Accountant I,Health,Affluent Customer
Denys,Minshall,Female,36,Environmental Tech,Manufacturing,Affluent Customer
Archibald,Blessed,Male,43,VP Sales,Financial Services,Mass Customer
Feodor,Englishby,Male,26,Account Coordinator,Health,Mass Customer
Skippie,Yearsley,Male,37,Compensation Analyst,Financial Services,Mass Customer
Bill,Goodbanne,Female,44,Human Resources Assistant II,Property,Mass Customer
Tessa,Friese,Female,32,Health Coach II,Financial Services,Mass Customer
Roseanne,Caruth,Female,33,Programmer Analyst III,Health,Mass Customer
Tedra,Goodbanne,Female,51,Senior Quality Engineer,Financial Services,Mass Customer
Roberto,Harme,Male,28,Environmental Tech,Manufacturing,High Net Worth
Nichole,Leisman,Male,39,Geologist III,Property,Affluent Customer
Amil,Ennor,Female,48,Health Coach II,Health,Mass Customer
Shawna,Hinrichsen,Female,30,Assistant Professor,Manufacturing,Affluent Customer
Fonsie,Levane,Male,35,Account Representative III,Manufacturing,High Net Worth
Emilie,Brody,Female,41,Director of Sales,Health,Mass Customer
Robert,Corkill,Male,27,Clinical Specialist,Health,Mass Customer
Elvira,Kurten,Female,40,Assistant Professor,Financial Services,High Net Worth
Juliana,Mitchenson,Female,46,Environmental Tech,Manufacturing,Mass Customer
Regine,Bownes,Female,31,Senior Developer,Retail,Affluent Customer
Abner,Fraschetti,Male,34,Staff Scientist,Argiculture,Affluent Customer
Alvira,Coulman,Female,50,Account Representative II,Argiculture,Affluent Customer
Sawyer,Sponton,Male,29,Help Desk Technician,Property,Mass Customer
Feodor,Vickers,Male,32,VP Quality Control,Financial Services,Mass Customer
Paten,Cayet,Male,43,Assistant Manager,Manufacturing,Affluent Customer
Loria,Tappington,Female,26,Research Assistant IV,Property,Mass Customer
Tanya,Kiefer,Female,35,Speech Pathologist,Telecommunications,High Net Worth
Devonne,Alderwick,Female,42,Research Associate,IT,High Net Worth
Omero,McDonand,Male,31,Software Consultant,Manufacturing,Mass Customer
Iain,Haversham,Male,38,Sales Representative,Retail,Mass Customer
Keriann,Newham,Female,46,Assistant Manager,Financial Services,Mass Customer
Conroy,Rappaport,Male,29,Assistant Manager,Health,High Net Worth
Dorian,Rustman,Male,37,Junior Executive,Manufacturing,Mass Customer
Quillan,Guinane,Male,44,Community Outreach Specialist,Property,High Net Worth
Harlin,Mazin,Male,27,Computer Systems Analyst I,Manufacturing,Mass Customer
Eustacia,Dornan,Female,36,Account Representative IV,Property,Mass Customer
Maury,Galego,Male,43,Social Worker,Health,High Net Worth
Reggie,Kernar,Female,33,Senior Editor,Financial Services,High Net Worth
Brigitte,Whellams,Female,34,Payment Adjustment Coordinator,Health,Mass Customer
Kinna,Kollasch,Female,50,Safety Technician I,Property,High Net Worth
Maurizio,Comi,Male,28,VP Product Management,IT,Affluent Customer
Elbertina,Fendley,Female,39,Physical Therapy Assistant,Property,Affluent Customer
Franklin,Wohler,Male,47,Clinical Specialist,Health,Mass Customer
Allyson,Petchell,Female,30,Human Resources Manager,Telecommunications,High Net Worth
Ermentrude,Heindle,Female,34,GIS Technical Architect,Argiculture,Mass Customer
Alanna,Lerway,Female,40,Dental Hygienist,Health,Mass Customer
Vincent,Jopke,Male,28,Analog Circuit Design manager,Property,Affluent Customer
Mandie,Jeffryes,Female,41,Business Systems Development Analyst,Property,High Net Worth
Collete,Dory,Female,45,Information Systems Manager,Argiculture,High Net Worth
